{
  "label": "Qwen3.6-XS-MTP+FP8-KV",
  "single": {
    "label": "Qwen3.6-XS-MTP+FP8-KV",
    "kind": "single",
    "n": 5,
    "total_output_tokens": 960,
    "TTFT_ms": {
      "mean": 182.49252720852382,
      "median": 213.95368801313452,
      "min": 133.3349799970165,
      "max": 217.16779499547556,
      "p95": 217.16779499547556
    },
    "TPOT_ms": {
      "mean": 57.04847499022109,
      "median": 56.643745748644925,
      "min": 53.902492611883304,
      "max": 59.21734513516689,
      "p95": 59.21734513516689
    },
    "toks_per_s": {
      "mean": 17.352604920230462,
      "median": 17.39610245515477,
      "min": 16.65299429271171,
      "max": 18.417601268118872,
      "p95": 18.417601268118872
    }
  },
  "concurrent": {
    "label": "Qwen3.6-XS-MTP+FP8-KV",
    "kind": "concurrent\u00d74",
    "n": 12,
    "total_output_tokens": 2265,
    "TTFT_ms": {
      "mean": 669.2543443350587,
      "median": 238.6321624944685,
      "min": 234.58030199981295,
      "max": 1534.9013550148811,
      "p95": 1534.9013550148811
    },
    "TPOT_ms": {
      "mean": 60.169536747531524,
      "median": 59.12540177343347,
      "min": 55.198065684962785,
      "max": 65.07398931572367,
      "p95": 65.07398931572367
    },
    "toks_per_s": {
      "mean": 15.838927426756912,
      "median": 15.712961075855791,
      "min": 13.98162588408001,
      "max": 17.031831839486834,
      "p95": 17.031831839486834
    }
  }
}