{
  "label": "MTP-XS body + DFlash + BF16-KV",
  "single": {
    "label": "MTP-XS body + DFlash + BF16-KV",
    "kind": "single",
    "n": 5,
    "total_output_tokens": 936,
    "TTFT_ms": {
      "mean": 174.45536199957132,
      "median": 131.51160700363107,
      "min": 127.51445398316719,
      "max": 249.90720799542032,
      "p95": 249.90720799542032
    },
    "TPOT_ms": {
      "mean": 40.84151441455234,
      "median": 40.90071591660186,
      "min": 35.150435724062845,
      "max": 46.005776899983175,
      "p95": 46.005776899983175
    },
    "toks_per_s": {
      "mean": 24.267136585715576,
      "median": 23.731863702927704,
      "min": 21.515470199175127,
      "max": 28.067019510554225,
      "p95": 28.067019510554225
    }
  },
  "concurrent": {
    "label": "MTP-XS body + DFlash + BF16-KV",
    "kind": "concurrent\u00d74",
    "n": 12,
    "total_output_tokens": 2193,
    "TTFT_ms": {
      "mean": 1774.6656570040311,
      "median": 475.63313449791167,
      "min": 258.5024800209794,
      "max": 4584.589490987128,
      "p95": 4584.589490987128
    },
    "TPOT_ms": {
      "mean": 44.21190901142993,
      "median": 44.5161553893863,
      "min": 36.69399790247926,
      "max": 52.90991008371633,
      "p95": 52.90991008371633
    },
    "toks_per_s": {
      "mean": 19.585528034581333,
      "median": 20.21364827001242,
      "min": 12.519069236275055,
      "max": 25.68524704789543,
      "p95": 25.68524704789543
    }
  }
}