{
  "label": "Qwen3.6-XS-MTP+NVFP4-KV",
  "single": {
    "label": "Qwen3.6-XS-MTP+NVFP4-KV",
    "kind": "single",
    "n": 5,
    "total_output_tokens": 948,
    "TTFT_ms": {
      "mean": 139.26235480466858,
      "median": 120.73555201641284,
      "min": 120.23415201110765,
      "max": 213.21928000543267,
      "p95": 213.21928000543267
    },
    "TPOT_ms": {
      "mean": 57.75502815110748,
      "median": 59.74331703933029,
      "min": 52.23970751209957,
      "max": 61.86817333506482,
      "p95": 61.86817333506482
    },
    "toks_per_s": {
      "mean": 17.257686045874983,
      "median": 16.64167329990517,
      "min": 16.08050205262289,
      "max": 19.02145580991088,
      "p95": 19.02145580991088
    }
  },
  "concurrent": {
    "label": "Qwen3.6-XS-MTP+NVFP4-KV",
    "kind": "concurrent\u00d74",
    "n": 12,
    "total_output_tokens": 2220,
    "TTFT_ms": {
      "mean": 668.5739075862026,
      "median": 285.9049085091101,
      "min": 190.51926201791503,
      "max": 1520.3567130083684,
      "p95": 1520.3567130083684
    },
    "TPOT_ms": {
      "mean": 61.102227748708735,
      "median": 60.92161873009107,
      "min": 54.12848503414042,
      "max": 69.35205475896377,
      "p95": 69.35205475896377
    },
    "toks_per_s": {
      "mean": 15.713936426326194,
      "median": 15.625620367602655,
      "min": 12.814245043324194,
      "max": 18.14726110046973,
      "p95": 18.14726110046973
    }
  }
}