{
  "label": "Qwen3.6-NVFP4-body + DFlash + BF16-KV",
  "single": {
    "label": "Qwen3.6-NVFP4-body + DFlash + BF16-KV",
    "kind": "single",
    "n": 5,
    "total_output_tokens": 921,
    "TTFT_ms": {
      "mean": 299.34109339956194,
      "median": 297.7162190072704,
      "min": 296.98454099707305,
      "max": 304.0657730016392,
      "p95": 304.0657730016392
    },
    "TPOT_ms": {
      "mean": 50.21430619497366,
      "median": 48.433464866369356,
      "min": 47.63837092417302,
      "max": 53.57678560444133,
      "p95": 53.57678560444133
    },
    "toks_per_s": {
      "mean": 19.443236290980185,
      "median": 20.09826239111977,
      "min": 18.19982678292171,
      "max": 20.451970749047593,
      "p95": 20.451970749047593
    }
  },
  "concurrent": {
    "label": "Qwen3.6-NVFP4-body + DFlash + BF16-KV",
    "kind": "concurrent\u00d74",
    "n": 12,
    "total_output_tokens": 2235,
    "TTFT_ms": {
      "mean": 1755.7324024188954,
      "median": 327.63046750915237,
      "min": 325.05976798711345,
      "max": 4614.900102023967,
      "p95": 4614.900102023967
    },
    "TPOT_ms": {
      "mean": 55.38683697674584,
      "median": 54.1217813879563,
      "min": 49.21924278362265,
      "max": 67.249228578588,
      "p95": 67.249228578588
    },
    "toks_per_s": {
      "mean": 15.976216835872979,
      "median": 16.62865803623464,
      "min": 11.56925127635216,
      "max": 19.781714862432754,
      "p95": 19.781714862432754
    }
  }
}