{
  "label": "MTP-XS body + DFlash n_spec=15 GREEDY",
  "temperature": 0.0,
  "max_tokens": 400,
  "single": {
    "by_category": {
      "reasoning": {
        "n": 4,
        "ttft_ms": {
          "n": 4,
          "mean": 197.14465324796038,
          "median": 195.15996451082174,
          "min": 136.5578499971889,
          "max": 261.70083397300914
        },
        "tpot_ms": {
          "n": 4,
          "mean": 27.991510074764847,
          "median": 28.4440558127355,
          "min": 24.961980883987245,
          "max": 30.115947789601144
        },
        "decode_tok_s": {
          "n": 4,
          "mean": 35.90553491720978,
          "median": 35.178108986245526,
          "min": 33.204998460825266,
          "max": 40.06092323552278
        },
        "wall_tok_s": {
          "n": 4,
          "mean": 35.20713834034957,
          "median": 34.73930049542555,
          "min": 32.54094654797795,
          "max": 38.80900582256924
        },
        "output_tokens": {
          "n": 4,
          "mean": 318.25,
          "median": 315.5,
          "min": 294,
          "max": 348
        }
      },
      "math": {
        "n": 4,
        "ttft_ms": {
          "n": 4,
          "mean": 216.59205974719953,
          "median": 243.09531449398492,
          "min": 132.66886500059627,
          "max": 247.508745000232
        },
        "tpot_ms": {
          "n": 4,
          "mean": 22.429327183082616,
          "median": 22.296294605157705,
          "min": 21.897377354112827,
          "max": 23.227342167902226
        },
        "decode_tok_s": {
          "n": 4,
          "mean": 44.60796170525508,
          "median": 44.85578427928414,
          "min": 43.052708862312116,
          "max": 45.66756940013993
        },
        "wall_tok_s": {
          "n": 4,
          "mean": 43.226977025781935,
          "median": 43.266708490526874,
          "min": 41.58511715042621,
          "max": 44.789373971647784
        },
        "output_tokens": {
          "n": 4,
          "mean": 268,
          "median": 263.5,
          "min": 256,
          "max": 289
        }
      },
      "code": {
        "n": 4,
        "ttft_ms": {
          "n": 4,
          "mean": 215.78956249868497,
          "median": 243.06652598897927,
          "min": 131.0778970073443,
          "max": 245.94730100943707
        },
        "tpot_ms": {
          "n": 4,
          "mean": 25.071990301552628,
          "median": 24.11726294460253,
          "min": 22.534928727064802,
          "max": 29.518506589940646
        },
        "decode_tok_s": {
          "n": 4,
          "mean": 40.34754471527343,
          "median": 41.568784953159316,
          "min": 33.877052585742305,
          "max": 44.37555636903277
        },
        "wall_tok_s": {
          "n": 4,
          "mean": 39.53245268928235,
          "median": 40.51722281480998,
          "min": 33.24263904347421,
          "max": 43.85272608403523
        },
        "output_tokens": {
          "n": 4,
          "mean": 372.75,
          "median": 368.0,
          "min": 351,
          "max": 404
        }
      },
      "prose": {
        "n": 4,
        "ttft_ms": {
          "n": 4,
          "mean": 159.845147994929,
          "median": 132.10559549042955,
          "min": 130.6450669944752,
          "max": 244.52433400438167
        },
        "tpot_ms": {
          "n": 4,
          "mean": 38.9445106068592,
          "median": 37.51930206517899,
          "min": 33.74674825407814,
          "max": 46.992690043000664
        },
        "decode_tok_s": {
          "n": 4,
          "mean": 26.152050331865016,
          "median": 26.847905618368497,
          "min": 21.27990542965193,
          "max": 29.632484661071146
        },
        "wall_tok_s": {
          "n": 4,
          "mean": 25.909518524290146,
          "median": 26.51387546434738,
          "min": 21.178831038671152,
          "max": 29.431492129794673
        },
        "output_tokens": {
          "n": 4,
          "mean": 383.25,
          "median": 387.0,
          "min": 329,
          "max": 430
        }
      },
      "dialogue": {
        "n": 4,
        "ttft_ms": {
          "n": 4,
          "mean": 243.02119249477983,
          "median": 243.03939648962114,
          "min": 241.2469789851457,
          "max": 244.75899801473133
        },
        "tpot_ms": {
          "n": 4,
          "mean": 34.18123851343603,
          "median": 33.37020091412646,
          "min": 27.319934310958953,
          "max": 42.66461791453226
        },
        "decode_tok_s": {
          "n": 4,
          "mean": 30.034488838298692,
          "median": 30.048010396212447,
          "min": 23.438625467202037,
          "max": 36.603309093567844
        },
        "wall_tok_s": {
          "n": 4,
          "mean": 29.548762760034258,
          "median": 29.585764456107007,
          "min": 23.182926707989285,
          "max": 35.84059541993373
        },
        "output_tokens": {
          "n": 4,
          "mean": 400.75,
          "median": 403.5,
          "min": 374,
          "max": 422
        }
      },
      "summary": {
        "n": 4,
        "ttft_ms": {
          "n": 4,
          "mean": 242.16873300611041,
          "median": 242.3561890173005,
          "min": 241.45463199238293,
          "max": 242.50792199745774
        },
        "tpot_ms": {
          "n": 4,
          "mean": 32.492707042777646,
          "median": 33.069362036787666,
          "min": 26.65066563872364,
          "max": 37.18143845881159
        },
        "decode_tok_s": {
          "n": 4,
          "mean": 31.3218020505915,
          "median": 30.434776526010197,
          "min": 26.89514019495959,
          "max": 37.522514955386015
        },
        "wall_tok_s": {
          "n": 4,
          "mean": 30.824231303184945,
          "median": 29.94315752290366,
          "min": 26.496319325759075,
          "max": 36.914290841173376
        },
        "output_tokens": {
          "n": 4,
          "mean": 412,
          "median": 396.0,
          "min": 365,
          "max": 491
        }
      }
    },
    "overall": {
      "ttft_ms": {
        "n": 24,
        "mean": 212.42689149827734,
        "median": 242.4573699972825,
        "min": 130.6450669944752,
        "max": 261.70083397300914
      },
      "tpot_ms": {
        "n": 24,
        "mean": 30.185213953745492,
        "median": 29.33188399825056,
        "min": 21.897377354112827,
        "max": 46.992690043000664
      },
      "decode_tok_s": {
        "n": 24,
        "mean": 34.728230426415585,
        "median": 34.09397372651304,
        "min": 21.27990542965193,
        "max": 45.66756940013993
      },
      "wall_tok_s": {
        "n": 24,
        "mean": 34.0415134404872,
        "median": 33.57209083645881,
        "min": 21.178831038671152,
        "max": 44.789373971647784
      }
    }
  },
  "concurrent": [
    {
      "round": 1,
      "elapsed_s": 19.047466924996115,
      "agg_tok_s": 71.45307065549754,
      "avg_ttft_ms": 1222.149966248253,
      "streams": [
        {
          "category": "reasoning",
          "ttft_ms": 1222.4891890073195,
          "tpot_ms": 33.41219254945001,
          "decode_tok_s": 29.92919421615331,
          "wall_tok_s": 26.69751323741865,
          "output_tokens": 294,
          "error": ""
        },
        {
          "category": "math",
          "ttft_ms": 1222.1257300116122,
          "tpot_ms": 32.69295533858548,
          "decode_tok_s": 30.587629342268784,
          "wall_tok_s": 26.80738047142415,
          "output_tokens": 258,
          "error": ""
        },
        {
          "category": "code",
          "ttft_ms": 1222.0685299835168,
          "tpot_ms": 38.60826257409321,
          "decode_tok_s": 25.90119143747786,
          "wall_tok_s": 23.963087816446272,
          "output_tokens": 379,
          "error": ""
        },
        {
          "category": "prose",
          "ttft_ms": 1221.916415990563,